,Unnamed: 0,title,link,abstract,author,pre_author_num,pre_doi,pre_pdf_link,pub_link
0,1,WgLink: reconstructing whole-genome viral haplotypes using L0 + L1-regularization,https://www.biorxiv.org/content/10.1101/2020.08.14.251835v1,Many tools can reconstruct viral sequences based on next generation sequencing reads. Although exist,"Chen Cao, Matthew Greenberg, Quan Long",3,https://doi.org/10.1101/2020.08.14.251835 ,https://www.biorxiv.org/content/10.1101/2020.08.14.251835v1.full.pdf,http://dx.doi.org/10.1093/bioinformatics/btab076
1,2,Power analysis of transcriptome-wide association study: implications for practical protocol choice,https://www.biorxiv.org/content/10.1101/2020.07.19.211151v4,The transcriptome-wide association study (TWAS) has emerged as one of several promising techniques f,"Chen Cao, Bowei Ding, Qing Li, Devin Kwok, Jingjing Wu, Quan Long",6,https://doi.org/10.1101/2020.07.19.211151 ,https://www.biorxiv.org/content/10.1101/2020.07.19.211151v4.full.pdf,
2,3,Intrinsic BMP inhibitor Gremlin regulates lung alveolar progenitor cell proliferation and differentiation,https://www.biorxiv.org/content/10.1101/2022.07.18.500545v1,Type 1 alveolar epithelial cells (AT1s) and type 2 alveolar epithelial cells (AT2s) regulate the str,"Toyoshi Yanagihara, Quan Zhou, Kazuya Tsubouchi, Spencer Revill, Anmar Ayoub, Sy Giin Chong, Anna Dvorkin-Gheva, Kjetil Ask, Wei Shi, Martin RJ Kolb",10,https://doi.org/10.1101/2022.07.18.500545 ,https://www.biorxiv.org/content/10.1101/2022.07.18.500545v1.full.pdf,
3,4,LongStitch: High-quality genome assembly correction and scaffolding using long reads,https://www.biorxiv.org/content/10.1101/2021.06.17.448848v1,Background Generating high-quality de novo genome assemblies is foundational to the genomics study o,"Lauren Coombe, Janet X Li, Theodora Lo, Johnathan Wong, Vladimir Nikolic, René L Warren, Inanc Birol",7,https://doi.org/10.1101/2021.06.17.448848 ,https://www.biorxiv.org/content/10.1101/2021.06.17.448848v1.full.pdf,http://dx.doi.org/10.1186/s12859-021-04451-7
4,5,Disentangling genetic feature selection and aggregation in transcriptome-wide association studies,https://www.biorxiv.org/content/10.1101/2020.11.19.390617v1,The success of transcriptome-wide association studies (TWAS) has led to substantial research towards,"Chen Cao, Devin Kwok, Qing Li, Jingni He, Xingyi Guo, Qingrun Zhang, Quan Long",7,https://doi.org/10.1101/2020.11.19.390617 ,https://www.biorxiv.org/content/10.1101/2020.11.19.390617v1.full.pdf,http://dx.doi.org/10.1093/genetics/iyab216
5,6,Statistical model integrating interactions into genotype-phenotype association mapping: an application to reveal 3D-genetic basis underlying Autism,https://www.biorxiv.org/content/10.1101/2020.07.27.222364v1,"Biological interactions are prevalent in the functioning organisms. Correspondingly, statistical gen","Qing Li, Chen Cao, Deshan Perera, Jingni He, Xingyu Chen, Feeha Azeem, Aaron Howe, Billie Au, Jun Yan, Quan Long",10,https://doi.org/10.1101/2020.07.27.222364 ,https://www.biorxiv.org/content/10.1101/2020.07.27.222364v1.full.pdf,
6,7,Reconstruction of microbial haplotypes by integration of statistical and physical linkage in scaffolding,https://www.biorxiv.org/content/10.1101/2020.03.29.014704v4,DNA sequencing technologies provide unprecedented opportunities to analyze within-host evolution of ,"Chen Cao, Jingni He, Lauren Mak, Deshan Perera, Devin Kwok, Jia Wang, Minghao Li, Tobias Mourier, Stefan Gavriliuc, Matthew Greenberg, A. Sorana Morrissy, Laura K. Sycuro, Guang Yang, Daniel C. Jeffares, Quan Long",15,https://doi.org/10.1101/2020.03.29.014704 ,https://www.biorxiv.org/content/10.1101/2020.03.29.014704v4.full.pdf,
7,8,kTWAS: Integrating kernel-machine with transcriptome-wide association studies improves statistical power and reveals novel genes,https://www.biorxiv.org/content/10.1101/2020.06.29.177121v2,The power of genotype-phenotype association mapping studies increases greatly when contributions fro,"Chen Cao, Devin Kwok, Shannon Edie, Qing Li, Bowei Ding, Pathum Kossinna, Simone Campbell, Jingjing Wu, Matthew Greenberg, Quan Long",10,https://doi.org/10.1101/2020.06.29.177121 ,https://www.biorxiv.org/content/10.1101/2020.06.29.177121v2.full.pdf,http://dx.doi.org/10.1093/bib/bbaa270
8,9,Genetic Variability of Human Angiotensin-Converting Enzyme 2 (hACE2) Among Various Ethnic Populations,https://www.biorxiv.org/content/10.1101/2020.04.14.041434v1,"There appears to be large regional variations for susceptibility, severity and mortality for Covid-1","Quan Li, Zanxia Cao, Proton Rahman",3,https://doi.org/10.1101/2020.04.14.041434 ,https://www.biorxiv.org/content/10.1101/2020.04.14.041434v1.full.pdf,http://dx.doi.org/10.1002/mgg3.1344
9,10,UCHL1 inhibited by A1 astrocytes facilitates aggregates clearance to promote neural stem cells activation after spinal cord injury,https://www.biorxiv.org/content/10.1101/2021.09.23.461600v1,Spinal cord injury (SCI) is a devastating central nervous system (CNS) disease with no satisfying th,"Lu Ding, Weiwei Chu, Yu Xia, Tian Li, Ming Shi, Feng-Quan Zhou, David Y.B. Deng",7,https://doi.org/10.1101/2021.09.23.461600 ,https://www.biorxiv.org/content/10.1101/2021.09.23.461600v1.full.pdf,
10,11,A graph-theoretical approach to DNA similarity analysis,https://www.biorxiv.org/content/10.1101/2021.08.05.455342v1,One of the very active research areas in bioinformatics is DNA similarity analysis. There are severa,"Dong Quan Ngoc Nguyen, Lin Xing, Phuong Dong Tan Le, Lizhen Lin",4,https://doi.org/10.1101/2021.08.05.455342 ,https://www.biorxiv.org/content/10.1101/2021.08.05.455342v1.full.pdf,
11,12,Mosaic Evolution of Beta Barrel Porin Encoding Genes in Escherichia coli,https://www.biorxiv.org/content/10.1101/2021.09.21.461324v1,"Bacterial porins serve as the interface interacting with extracellular environment, and are often fo","Xiongbin Chen, Xuxia Cai, Zewei Chen, Jinjin Wu, Gaofeng Hao, Quan Luo, Guoqiang Zhu, Wolfgang Koester, Aaron P White, Yi Cai, Yejun Wang",11,https://doi.org/10.1101/2021.09.21.461324 ,https://www.biorxiv.org/content/10.1101/2021.09.21.461324v1.full.pdf,http://dx.doi.org/10.1128/aem.00060-22
12,13,Extrasynaptic signaling enables an asymmetric juvenile motor circuit to produce a symmetric gait,https://www.biorxiv.org/content/10.1101/2021.09.21.461278v4,Bilaterians generate motor patterns with symmetries that correspond to their body plans. This is tho,"Yangning Lu, Tosif Ahamed, Ben Mulcahy, Daniel Witvliet, Sihui Asuka Guan, Douglas Holmyard, Wesley Hung, Jun Meng, Quan Wen, Andrew Chisholm, Aravinthan DT Samuel, Mei Zhen",12,https://doi.org/10.1101/2021.09.21.461278 ,https://www.biorxiv.org/content/10.1101/2021.09.21.461278v4.full.pdf,
13,14,A topological approach to DNA similarity analysis from 5-dimensional representation,https://www.biorxiv.org/content/10.1101/2021.03.10.434824v1,"In this paper, we propose another topological approach for DNA similarity analysis. For each DNA seq","Dong Quan Ngoc Nguyen, Phuong Dong Tan Le, Ziqing Hu, Lizhen Lin",4,https://doi.org/10.1101/2021.03.10.434824 ,https://www.biorxiv.org/content/10.1101/2021.03.10.434824v1.full.pdf,
14,15,A topological characterization of DNA sequences based on chaos geometry and persistent homology,https://www.biorxiv.org/content/10.1101/2021.01.31.429071v1,Methods for analyzing similarities among DNA sequences play a fundamental role in computational biol,"Dong Quan Ngoc Nguyen, Phuong Dong Tan Le, Lin Xing, Lizhen Lin",4,https://doi.org/10.1101/2021.01.31.429071 ,https://www.biorxiv.org/content/10.1101/2021.01.31.429071v1.full.pdf,
15,16,Zoonotic avian influenza viruses evade human BTN3A3 restriction,https://www.biorxiv.org/content/10.1101/2022.06.14.496196v1,Cross-species transmission of avian influenza A viruses (IAVs) into humans could represent the first,"Rute Maria Pinto, Siddharth Bakshi, Spyros Lytras, Mohammad Khalid Zakaria, Simon Swingler, Julie C Worrell, Vanessa Herder, Margus Varjak, Natalia Cameron-Ruiz, Mila Collados Rodriguez, Mariana Varela, Arthur Wickenhagen, Colin Loney, Yanlong Pei, Joseph Hughes, Elise Valette, Matthew L Turnbull, Wilhelm Furnon, Kerrie E Hargrave, Quan Gu, Lauren Orr, Aislynn Taggart, Chris Boutell, Finn Grey, Edward Hutchinson, Paul Digard, Isabella Monne, Sarah K Wootton, Megan K L MacLeod, Sam J Wilson, Massimo Palmarini",31,https://doi.org/10.1101/2022.06.14.496196 ,https://www.biorxiv.org/content/10.1101/2022.06.14.496196v1.full.pdf,
16,17,Transcriptional activity and epigenetic regulation of transposable elements in the symbiotic fungus Rhizophagus irregularis,https://www.biorxiv.org/content/10.1101/2021.03.30.436303v2,Arbuscular mycorrhizal (AM) fungi form mutualistic relationships with most land plant species and ha,"A Dallaire, BF Manley, M Wilkens, I Bista, C Quan, E Evangelisti, CR Bradshaw, NB Ramakrishna, S Schornack, F Butter, U Paszkowski, EA Miska",12,https://doi.org/10.1101/2021.03.30.436303 ,https://www.biorxiv.org/content/10.1101/2021.03.30.436303v2.full.pdf,http://dx.doi.org/10.1101/gr.275752.121
17,18,Effect of cutting depth during sugarcane harvest on root characteristics and yield,https://www.biorxiv.org/content/10.1101/2020.08.11.246033v1,"Ratooning is an important cultivation practice in sugarcane production around the world, with underg","Yue-bin Zhang, Shao-lin Yang, Jun Deng, Ru-dan Li, Xian Fan, Jing-mei Dao, Yi-ji Quan, Syed Asad Hussain Bukhari, Zhao-hai Zeng",9,https://doi.org/10.1101/2020.08.11.246033 ,https://www.biorxiv.org/content/10.1101/2020.08.11.246033v1.full.pdf,http://dx.doi.org/10.1371/journal.pone.0238085
18,19,Dmp1Cre-directed knockdown of PTHrP in murine decidua is associated with increased bone width and a life-long increase in strength specific to male progeny,https://www.biorxiv.org/content/10.1101/2020.06.09.141812v1,Parathyroid hormone related-protein (PTHrP) is a pleiotropic regulator of tissue homeostasis. In bon,"Niloufar Ansari, Tsuyoshi Isojima, Blessing Crimeen-Irwin, Ingrid J Poulton, Narelle E. McGregor, Patricia W. M. Ho, Christopher S Kovacs, Evdokia Dimitriadis, Jonathan H Gooi, T. John Martin, Natalie A. Sims",11,https://doi.org/10.1101/2020.06.09.141812 ,https://www.biorxiv.org/content/10.1101/2020.06.09.141812v1.full.pdf,http://dx.doi.org/10.1002/jbmr.4388
19,20,The African swine fever virus protease pS273R inhibits DNA sensing cGAS-STING pathway by targeting IKKe,https://www.biorxiv.org/content/10.1101/2021.06.02.446855v1,"African swine fever virus (ASFV), a large and complex cytoplasmic double-stranded DNA virus, has dev","Jia Luo, Jinghua Ni, Sen Jiang, Nengwen Xia, Yiwen Guo, Qi Shao, Jiajia Zhang, Qi Cao, Zhenqi Xu, Wanglong Zheng, Nanhua Chen, Quan Zhang, Hongjun Chen, Xiaoyu Guo, Hongfei Zhu, François Meurens, Jianzhong Zhu",17,https://doi.org/10.1101/2021.06.02.446855 ,https://www.biorxiv.org/content/10.1101/2021.06.02.446855v1.full.pdf,http://dx.doi.org/10.1080/21505594.2022.2065962
20,21,High contiguity long read assembly of Brassica nigra allows localization of active centromeres and provides insights into the ancestral Brassica genome,https://www.biorxiv.org/content/10.1101/2020.02.03.932665v1,High-quality nanopore genome assemblies were generated for two Brassica nigra genotypes (Ni100 and C,"Sampath Perumal, Chu Shin Koh, Lingling Jin, Miles Buchwaldt, Erin Higgins, Chunfang Zheng, David Sankoff, Stephen J. Robinson, Sateesh Kagale, Zahra-Katy Navabi, Lily Tang, Kyla N. Horner, Zhesi He, Ian Bancroft, Boulos Chalhoub, Andrew G Sharpe, Isobel AP Parkin",17,https://doi.org/10.1101/2020.02.03.932665 ,https://www.biorxiv.org/content/10.1101/2020.02.03.932665v1.full.pdf,
21,22,Leveraging TOPMed Imputation Server and Constructing a Cohort-Specific Imputation Reference Panel to Enhance Genotype Imputation among Cystic Fibrosis Patients,https://www.biorxiv.org/content/10.1101/2021.12.20.473535v1,Cystic fibrosis (CF) is a severe genetic disorder that can cause multiple comorbidities affecting th,"Quan Sun, Weifang Liu, Jonathan D. Rosen, Le Huang, Rhonda G. Pace, Hong Dang, Paul J. Gallins, Elizabeth E. Blue, Hua Ling, Harriet Corvol, Lisa J. Strug, Michael J. Bamshad, Ronald L. Gibson, Elizabeth W. Pugh, Scott M. Blackman, Garry R. Cutting, Wanda K. ONeal, Yi-Hui Zhou, Fred A. Wright, Michael R. Knowles, Jia Wen, Yun Li",22,https://doi.org/10.1101/2021.12.20.473535 ,https://www.biorxiv.org/content/10.1101/2021.12.20.473535v1.full.pdf,http://dx.doi.org/10.1016/j.xhgg.2022.100090
22,23,Population genomics of ancient and modern Trichuris trichiura,https://www.biorxiv.org/content/10.1101/2021.10.21.464505v1,"The neglected tropical disease trichuriasis is caused by the whipworm Trichuris trichiura , a soil-t","Stephen R. Doyle, Martin Jensen Søe, Peter Nejsum, Martha Betson, Philip J. Cooper, Lifei Peng, Xing-Quan Zhu, Ana Sanchez, Gabriela Matamoros, Gustavo Adolfo Fontecha Sandoval, Cristina Cutillas, Louis-Albert Tchuem Tchuenté, Zeleke Mekonnen, Shaali M. Ame, Harriet Namwanje, Bruno Levecke, Matthew Berriman, Brian Lund Fredensborg, Christian Moliin Outzen Kapel",19,https://doi.org/10.1101/2021.10.21.464505 ,https://www.biorxiv.org/content/10.1101/2021.10.21.464505v1.full.pdf,
23,24,Connective-Tissue Growth Factor (CTGF/CCN2) Contributes to TGF-ß1-Induced Lung Fibrosis,https://www.biorxiv.org/content/10.1101/2020.07.04.187492v1,Idiopathic pulmonary fibrosis (IPF) is a fatal lung disease characterized by progressive and excessi,"Toyoshi Yanagihara, Sy Giin Chong, Mahsa Gholiof, Kenneth E. Lipson, Quan Zhou, Ciaran Scallan, Chandak Upagupta, Jussi Tikkanen, Shaf Keshavjee, Kjetil Ask, Martin RJ Kolb",11,https://doi.org/10.1101/2020.07.04.187492 ,https://www.biorxiv.org/content/10.1101/2020.07.04.187492v1.full.pdf,
24,25,Allosteric regulation of Glutamate dehydrogenase deamination activity,https://www.biorxiv.org/content/10.1101/786954v2,Glutamate dehydrogenase (GDH) is a key enzyme interlinking carbon and nitrogen metabolism. Recent di,"Mubasher Rashid, Soumen Bera, Alexander B. Medvinsky, Gui-Quan Sun, Bai-Lian Li, Claudia Acquisti, Adnan Sljoka, Amit Chakraborty",8,https://doi.org/10.1101/786954 ,https://www.biorxiv.org/content/10.1101/786954v2.full.pdf,http://dx.doi.org/10.1038/s41598-020-73743-4
25,26,"From GWAS Variant to Function: a Study of ~148,000 Variants for Blood Cell Traits",https://www.biorxiv.org/content/10.1101/2021.02.16.431409v2,Genome-wide association studies (GWAS) have identified hundreds of thousands of genetic variants ass,"Quan Sun, Cheynna A. Crowley, Le Huang, Jia Wen, Jiawen Chen, Erik L. Bao, Paul L. Auer, Guillaume Lettre, Alexander P. Reiner, Vijay G. Sankaran, Laura M. Raffield, Yun Li",12,https://doi.org/10.1101/2021.02.16.431409 ,https://www.biorxiv.org/content/10.1101/2021.02.16.431409v2.full.pdf,http://dx.doi.org/10.1016/j.xhgg.2021.100063
26,27,Multiomics Analyses Reveal Dynamic Bioenergetic Pathways and Functional Remodeling of the Heart During Intermittent Fasting,https://www.biorxiv.org/content/10.1101/2021.03.04.433999v1,"Intermittent fasting (IF) reduces cardiovascular risk factors in animals and humans, and can protect","Thiruma V. Arumugam, Asfa Alli-Shaik, Elisa A. Liehn, Sharmelee Selvaraji, Luting Poh, Vismitha Rajeev, Joonki Kim, Hannah L. F. Swa, David Tan Zhi Hao, Chutima Ratttanasopa, David Yang-Wei Fann, David Castano Mayan, Gavin Yong-Quan Ng, Sang-Ha Baik, Karthik Mallilankaraman, Mathias Gelderblom, Grant R. Drummond, Christopher G. Sobey, Brian K. Kennedy, Dong-Gyu Jo, Roshni R. Singaraja, Mark P. Mattson, Jayantha Gunaratne",23,https://doi.org/10.1101/2021.03.04.433999 ,https://www.biorxiv.org/content/10.1101/2021.03.04.433999v1.full.pdf,
27,28,Integrated Low-Energy and Low Carbon Shortcut Nitrogen removal with Biological Phosphorus Removal for Sustainable Mainstream Wastewater Treatment,https://www.biorxiv.org/content/10.1101/772004v1,While enhanced biological phosphorus removal (EBPR) is widely utilized for phosphorus (P) removal fr,"Paul Roots, Fabrizio Sabba, Alex F. Rosenthal, Yubo Wang, Quan Yuan, Leiv Rieger, Fenghua Yang, Joseph A. Kozak, Heng Zhang, George F. Wells",10,https://doi.org/10.1101/772004 ,https://www.biorxiv.org/content/10.1101/772004v1.full.pdf,http://dx.doi.org/10.1039/C9EW00550A
28,29,Organized cannabinoid receptor distribution in neurons revealed by super-resolution fluorescence imaging,https://www.biorxiv.org/content/10.1101/2020.03.22.002642v1,"G-protein-coupled receptors (GPCRs) play important roles in cellular functions. However, their intra","Hui Li, Jie Yang, Tian Cuiping, Min Diao, Quan Wang, Simeng Zhao, Shanshan Li, Fangzhi Tan, Tian Hua, Chao-Po Lin, Dylan Deska-Gauthier, Garth Thompson, Ying Zhang, Tong Wang, Wenqing Shui, Zhi-Jie Liu, Guisheng Zhong",17,https://doi.org/10.1101/2020.03.22.002642 ,https://www.biorxiv.org/content/10.1101/2020.03.22.002642v1.full.pdf,http://dx.doi.org/10.1038/s41467-020-19510-5
29,30,Successful Correction of ALD Patient-derived iPSCs Using CRISPR/Cas9,https://www.biorxiv.org/content/10.1101/2020.02.23.962118v1,"X-linked adrenoleukodystrophy (ALD) caused by the ABCD1 mutation, is the most common inherited perox","Eul Sik Jung, Zhejiu Quan, Mi-Yoon Chang, Wonjun Hong, Ji Hun Kim, Seung Hyun Kim, Seungkwon You, Dae-Sung Kim, Jiho Jang, Sang-Hun Lee, Hyongbum (Henry) Kim, Hoon Chul Kang",12,https://doi.org/10.1101/2020.02.23.962118 ,https://www.biorxiv.org/content/10.1101/2020.02.23.962118v1.full.pdf,
30,31,Penicillin Binding Protein Substitutions Co-occur with Fluoroquinolone Resistance in Epidemic Lineages of Multi Drug-Resistant Clostridioides difficile,https://www.biorxiv.org/content/10.1101/2022.05.23.493179v1,"Clostridioides difficile remains a key cause of healthcare-associated infection, with multi-drug-res","Kate E. Dingle, Jane Freeman, Xavier Didelot, David W. Eyre, Jeremy Swan, William D. Spittal, Emma V. Clark, Keith A. Jolley, A. Sarah Walker, Mark H. Wilcox, Derrick W. Crook",11,https://doi.org/10.1101/2022.05.23.493179 ,https://www.biorxiv.org/content/10.1101/2022.05.23.493179v1.full.pdf,
31,32,"MTALTND4, a second protein coded by nd4 impacts mitochondrial bioenergetics",https://www.biorxiv.org/content/10.1101/2022.04.28.489924v1,Recent evidence suggests that the coding potential of the mitogenome is underestimated. We found a d,"Laura Kienzle, Stefano Bettinazzi, Marie Brunet, Thierry Choquette, Hajar Hosseini Khorami, Xavier Roucou, Christian R Landry, Annie Angers, Sophie Breton",9,https://doi.org/10.1101/2022.04.28.489924 ,https://www.biorxiv.org/content/10.1101/2022.04.28.489924v1.full.pdf,
32,33,"Genetic and real-world clinical data, combined with empirical validation, nominate JAK-STAT signalling as a target for Alzheimers Disease therapeutic development",https://www.biorxiv.org/content/10.1101/179267v1,"As Genome Wide Association Studies (GWAS) have grown in size, the number of genetic variants that ha","Alejo J. Nevado-Holgado, Elena Ribe, Laura Thei, Laura Furlong, Miguel Angel-Mayer, Jie Quan, Jill C. Richardson, Jonathan Cavanagh, Simon Lovestone",9,https://doi.org/10.1101/179267 ,https://www.biorxiv.org/content/10.1101/179267v1.full.pdf,
33,34,Targeted genomic sequencing with probe capture for discovery and surveillance of coronaviruses in bats,https://www.biorxiv.org/content/10.1101/2022.04.25.489472v1,"Public health emergencies like SARS, MERS, and COVID-19 have prioritized surveillance of zoonotic co","Kevin S. Kuchinski, Kara D. Loos, Danae M. Suchan, Jennifer N. Russell, Ashton N. Sies, Charles Kumakamba, Francisca Muyembe, Placide Mbala Kingebeni, Ipos Ngay Lukusa, Frida NKawa, Joseph Atibu Losoma, Maria Makuwa, Amethyst Gillis, Matthew LeBreton, James A. Ayukekbong, Corina Monagin, Damien O. Joly, Karen Saylors, Nathan D. Wolfe, Edward M. Rubin, Jean J. Muyembe Tamfum, Natalie A. Prystajecky, David J. McIver, Christian E. Lange, Andrew D.S. Cameron",25,https://doi.org/10.1101/2022.04.25.489472 ,https://www.biorxiv.org/content/10.1101/2022.04.25.489472v1.full.pdf,
34,35,High-depth resequencing reveals hybrid population and insecticide resistance characteristics of fall armyworm (Spodoptera frugiperda) invading China,https://www.biorxiv.org/content/10.1101/813154v2,The rapid wide-scale spread of fall armyworm ( Spodoptera frugiperda ) has caused serious crop losse,"Lei Zhang, Bo Liu, Weigang Zheng, Conghui Liu, Dandan Zhang, Shengyuan Zhao, Pengjun Xu, Kenneth Wilson, Amy Withers, Christopher M. Jones, Judith A. Smith, Gilson Chipabika, Donald L. Kachigamba, Kiwoong Nam, Emmanuelle dAlençon, Bei Liu, Xinyue Liang, Minghui Jin, Chao Wu, Swapan Chakrabarty, Xianming Yang, Yuying Jiang, Jie Liu, Xiaolin Liu, Weipeng Quan, Guirong Wang, Wei Fan, Wanqiang Qian, Kongming Wu, Yutao Xiao",30,https://doi.org/10.1101/813154 ,https://www.biorxiv.org/content/10.1101/813154v2.full.pdf,
35,36,A descending pathway facilitates undulatory wave propagation in Caenorhabditis elegans through gap junctions,https://www.biorxiv.org/content/10.1101/131490v5,Descending signals from the brain play critical roles in controlling and modulating locomotion kinem,"Tianqi Xu, Jing Huo, Shuai Shao, Michelle Po, Taizo Kawano, Yangning Lu, Min Wu, Mei Zhen, Quan Wen",9,https://doi.org/10.1101/131490 ,https://www.biorxiv.org/content/10.1101/131490v5.full.pdf,http://dx.doi.org/10.1073/pnas.1717022115
36,37,Exercise preserves fitness capacity during aging through AMPK and mitochondrial dynamics,https://www.biorxiv.org/content/10.1101/2022.06.20.496837v1,"Exercise is a nonpharmacological intervention that improves health during aging, and a valuable tool","Juliane Cruz Campos, Luiz Henrique Marchesi Bozi, Annika Traa, Alexander M van der Bliek, Jeremy M. Van Raamsdonk, T. Keith Blackwell, Julio Cesar Batista Ferreira",7,https://doi.org/10.1101/2022.06.20.496837 ,https://www.biorxiv.org/content/10.1101/2022.06.20.496837v1.full.pdf,
37,38,"Coronavirus testing indicates transmission risk increases along wildlife supply chains for human consumption in Viet Nam, 2013-2014",https://www.biorxiv.org/content/10.1101/2020.06.05.098590v3,Outbreaks of emerging coronaviruses in the past two decades and the current pandemic of a novel coro,"Nguyen Quynh Huong, Nguyen Thi Thanh Nga, Nguyen Van Long, Bach Duc Luu, Alice Latinne, Mathieu Pruvot, Nguyen Thanh Phuong, Le Tin Vinh Quang, Vo Van Hung, Nguyen Thi Lan, Nguyen Thi Hoa, Phan Quang Minh, Nguyen Thi Diep, Nguyen Tung, Van Dang Ky, Scott I. Roberton, Hoang Bich Thuy, Nguyen Van Long, Martin Gilbert, Leanne Wicker, Jonna A. K. Mazet, Christine Kreuder Johnson, Tracey Goldstein, Alex Tremeau-Bravard, Victoria Ontiveros, Damien O. Joly, Chris Walzer, Amanda E. Fine, Sarah H. Olson",29,https://doi.org/10.1101/2020.06.05.098590 ,https://www.biorxiv.org/content/10.1101/2020.06.05.098590v3.full.pdf,http://dx.doi.org/10.1371/journal.pone.0237129
38,39,Single cell eQTL analysis identifies cell type-specific genetic control of gene expression in fibroblasts and reprogrammed induced pluripotent stem cells,https://www.biorxiv.org/content/10.1101/2020.06.21.163766v1,The discovery that somatic cells can be reprogrammed to induced pluripotent stem cells (iPSCs) - cel,"Drew Neavin, Quan Nguyen, Maciej S. Daniszewski, Helena H. Liang, Han Sheng Chiu, Anne Senabouth, Samuel W Lukowski, Duncan E. Crombie, Grace E. Lidgerwood, Damián Hernández, James C. Vickers, Anthony L. Cook, Nathan J. Palpant, Alice Pébay, Alex W. Hewitt, Joseph E. Powell",16,https://doi.org/10.1101/2020.06.21.163766 ,https://www.biorxiv.org/content/10.1101/2020.06.21.163766v1.full.pdf,http://dx.doi.org/10.1186/s13059-021-02293-3
39,40,Integrative Epigenomic and Transcriptomic Analysis Reveals Robust Metabolic Switching in the Brain During Intermittent Fasting,https://www.biorxiv.org/content/10.1101/2020.03.22.002725v1,Intermittent fasting (IF) is a lifestyle intervention comprising a dietary regimen in which energy i,"Gavin Yong-Quan Ng, Dominic Paul Lee Kok Sheng, Sung Wook Kang, David Yang-Wei Fann, Joonki Kim, Asfa Alli-Shaik, Yoon Suk Cho, Jihoon Han, Jae Hoon Sul, Vardan Karamyan, Eitan Okun, Thameem Dheen, M. Prakash Hande, Raghu Vemuganti, Karthik Mallilankaraman, Brian K. Kennedy, Grant Drummond, Christopher G. Sobey, Jayantha Gunaratne, Mark P. Mattson, Roger Sik-Yin Foo, Dong-Gyu Jo, Thiruma V. Arumugam",23,https://doi.org/10.1101/2020.03.22.002725 ,https://www.biorxiv.org/content/10.1101/2020.03.22.002725v1.full.pdf,
40,41,A role for tetracycline selection in the evolution of Clostridium difficile PCR-ribotype 078,https://www.biorxiv.org/content/10.1101/262352v1,Farm animals have been identified as reservoirs of Clostridium difficile PCR-ribotype 078 (RT078). S,"Kate E. Dingle, Xavier Didelot, T. Phuong Quan, David W. Eyre, Nicole Stoesser, Charis A. Marwick, John Coia, Derek Brown, Sarah Buchanan, Umer Z. Ijaz, Cosmika Goswami, Gill Douce, Warren N. Fawley, Mark H. Wilcox, Timothy E.A. Peto, A. Sarah Walker, Derrick W. Crook",17,https://doi.org/10.1101/262352 ,https://www.biorxiv.org/content/10.1101/262352v1.full.pdf,http://dx.doi.org/10.1128/mBio.02790-18
41,42,The Mediator CDK8-Cyclin C complex modulates vein patterning in Drosophila by stimulating Mad-dependent transcription,https://www.biorxiv.org/content/10.1101/360628v1,"Dysregulations of CDK8 and its regulatory partner CycC, two subunits of the conserved Mediator compl","Xiao Li, Mengmeng Liu, Xingjie Ren, Nicolas Loncle, Qun Wang, Rajitha-Udakara-Sampath Hemba-Waduge, Muriel Boube, Henri-Marc G. Bourbon, Jian-Quan Ni, Jun-Yuan Ji",10,https://doi.org/10.1101/360628 ,https://www.biorxiv.org/content/10.1101/360628v1.full.pdf,http://dx.doi.org/10.1371/journal.pgen.1008832
42,43,Analysis of nucleus and cytoplasm-specific RNA fractions demonstrates that a significant proportion of the genetic regulation of gene expression across the human brain occurs post-transcriptionally,https://www.biorxiv.org/content/10.1101/2022.06.28.497921v1,Gaining insight into the genetic regulation of gene expression in human brain is key to the interpre,"Karishma DSa, Sebastian Guelfi, Jana Vandrovcova, Regina H. Reynolds, David Zhang, John Hardy, Juan A. Botía, Michael E. Weale, Sarah A. Gagliano Taliun, Kerrin S. Small, Mina Ryten",11,https://doi.org/10.1101/2022.06.28.497921 ,https://www.biorxiv.org/content/10.1101/2022.06.28.497921v1.full.pdf,
43,44,Deciphering inhibitory mechanism of coronavirus replication through host miRNAs-RNA-dependent RNA polymerase (RdRp) interactome,https://www.biorxiv.org/content/10.1101/2022.06.18.496304v1,"Despite what we know so far, Covid-19, caused by SARS-CoV-2 virus, remains a pandemic that still req","Olanrewaju B. Morenikeji, Muyiwa S. Adegbaju, Olayinka S. Okoh, Asegunloluwa E. Babalola, Anastasia Grytsay, Olubumi A. Braimah, Mabel O. Akinyemi, Bolaji N. Thomas",8,https://doi.org/10.1101/2022.06.18.496304 ,https://www.biorxiv.org/content/10.1101/2022.06.18.496304v1.full.pdf,
44,45,In vivo CRISPR screens reveal SCAF1 and USP15 as novel drivers of pancreatic cancer,https://www.biorxiv.org/content/10.1101/2022.03.13.484174v1,Functionally characterizing the genetic alterations that drive pancreatic cancer progression is a pr,"Sebastien Martinez, Ramona Weber, Tristan Woo, Ahmad Malik, Michael Geuenich, Gun Ho Jang, Dzana Dervovic, Khalid N. Al-Zahrani, Ricky Tsai, Nassima Fodil, Philippe Gros, Sachdev S Sidhu, Stephen Gallinger, G. Gregory Neely, Kieran Campbell, Faiyaz Notta, Ataman Sendoel, Daniel Schramek",18,https://doi.org/10.1101/2022.03.13.484174 ,https://www.biorxiv.org/content/10.1101/2022.03.13.484174v1.full.pdf,
45,46,Antigenicity is preserved with fixative solutions used in human gross anatomy: A mice brain immunohistochemistry study,https://www.biorxiv.org/content/10.1101/2022.05.06.490908v1,"Background Histology remains the gold standard to assess human brain biology, so ex vivo studies usi","Ève-Marie Frigon, Mahsa Dadar, Denis Boire, Josefina Maranzano",4,https://doi.org/10.1101/2022.05.06.490908 ,https://www.biorxiv.org/content/10.1101/2022.05.06.490908v1.full.pdf,
46,47,Fatty Acid Synthase inhibitor TVB-3166 prevents S-acylation of the Spike protein of human coronaviruses,https://www.biorxiv.org/content/10.1101/2020.12.20.423603v2,The Spike protein of SARS-CoV2 and other coronaviruses mediate host cell entry and are S-acylated on,"Katrina Mekhail, Minhyoung Lee, Michael Sugiyama, Audrey Astori, Jonathan St-Germain, Elyse Latreille, Negar Khosraviani, Kuiru Wei, Zhijie Li, James Rini, Warren L. Lee, Costin Antonescu, Brian Raught, Gregory D. Fairn",14,https://doi.org/10.1101/2020.12.20.423603 ,https://www.biorxiv.org/content/10.1101/2020.12.20.423603v2.full.pdf,
47,48,A widely distributed gene cluster compensates for uricase loss in hominids,https://www.biorxiv.org/content/10.1101/2022.07.24.501321v1,"Approximately 15% of US adults have circulating levels of uric acid above its solubility limit, whic","Yuanyuan Liu, John Bryce Jarman, Yen S Low, Steven Huang, Haoqing Chen, Mary E Defeo, Kazuma Sekiba, Bi-Huei Hou, Calyani Ganesan, Alan C Pao, Saurabh Gombar, Dylan Dodd",12,https://doi.org/10.1101/2022.07.24.501321 ,https://www.biorxiv.org/content/10.1101/2022.07.24.501321v1.full.pdf,
48,49,The length of the thalamo-cortical white matter fibers brings insight into sex differences in sleep spindle frequency,https://www.biorxiv.org/content/10.1101/2022.05.11.491489v1,Sleep spindles (SS) are crucial to brain functions like memory and learning. SS characteristics resu,"Pierre-Olivier Gaudreault, Jean-Marc Lina, Maxime Descoteaux, Nadia Gosselin, Julien Doyon, Samuel Deslauriers-Gauthier, Julie Carrier",7,https://doi.org/10.1101/2022.05.11.491489 ,https://www.biorxiv.org/content/10.1101/2022.05.11.491489v1.full.pdf,
49,50,"Longitudinal Assessment of SARS-CoV-2 Specific T Cell Cytokine-Producing Responses for 1 Year Reveals Persistence of Multi-Cytokine Proliferative Responses, with Greater Immunity Associated with Disease Severity",https://www.biorxiv.org/content/10.1101/2022.01.18.476864v1,"Cellular-mediated immunity is critical for long-term protection against most viral infections, inclu","Jonah Lin, Ryan Law, Chapin S. Korosec, Christine Zhou, Wan Hon Koh, Mohammad Sajjad Ghaemi, Philip Samaan, Hsu Kiang Ooi, FengYun Yue, Anne-Claude Gingras, Antonio Estacio, Megan Buchholz, Patti Lou Cheatley, Katerina Pavinski, Samira Mubareka, Allison J. McGeer, Jerome A. Leis, Jane M. Heffernan, Mario Ostrowski",19,https://doi.org/10.1101/2022.01.18.476864 ,https://www.biorxiv.org/content/10.1101/2022.01.18.476864v1.full.pdf,
50,51,Predicting master transcription factors from pan-cancer expression data,https://www.biorxiv.org/content/10.1101/839142v1,The function of critical developmental regulators can be subverted by cancer cells to control expres,"Jessica Reddy, Marcos A. S. Fonseca, Rosario I Corona, Robbin Nameki, Felipe Segato Dezem, Isaac A. Klein, Heidi Chang, Daniele Chaves-Moreira, Lena Afeyan, Tathiane M Malta, Xianzhi Lin, Forough Abbasi, Alba Font-Tello, Thais Sabedot, Paloma Cejas, Norma Rodríguez-Malavé, Ji-Heui Seo, De-Chen Lin, Ursula Matulonis, Beth Y Karlan, Simon A Gayther, Alexander Gusev, Houtan Noushmehr, Henry Long, Matthew L. Freedman, Ronny Drapkin, Brian J Abraham, Richard A. Young, Kate Lawrenson",29,https://doi.org/10.1101/839142 ,https://www.biorxiv.org/content/10.1101/839142v1.full.pdf,http://dx.doi.org/10.1126/sciadv.abf6123
51,52,Evidence of divergent selection in a parasite due to its host immunological respond,https://www.biorxiv.org/content/10.1101/2022.05.15.492026v1,We investigated if an immunological response (i.e. fibrosis) in threespine stickleback fish can caus,"Kum C. Shim, Jesse N. Weber, Stijn den Haan, Daniel I. Bolnick",4,https://doi.org/10.1101/2022.05.15.492026 ,https://www.biorxiv.org/content/10.1101/2022.05.15.492026v1.full.pdf,
52,53,Unbiased proteomic analysis detects painful systemic inflammatory profile in the serum of nerve injured mice,https://www.biorxiv.org/content/10.1101/2022.02.28.482355v1,"Neuropathic pain is a complex, debilitating disease that results from injury to the somatosensory ne","Wen Bo Sam Zhou, Xiang Qun Shi, Younan Liu, Simon D. Tran, Francis Beaudry, Ji Zhang",6,https://doi.org/10.1101/2022.02.28.482355 ,https://www.biorxiv.org/content/10.1101/2022.02.28.482355v1.full.pdf,http://dx.doi.org/10.1097/j.pain.0000000000002695
53,54,Automated identification of cell-typespecific genes and alternative promoters,https://www.biorxiv.org/content/10.1101/2021.12.01.470587v1,"Background Identifying key transcriptional features, such as genes or transcripts, involved in cellu","Micka<U+0451>l Mendez, Jayson Harshbarger, Michael M. Hoffman",3,https://doi.org/10.1101/2021.12.01.470587 ,https://www.biorxiv.org/content/10.1101/2021.12.01.470587v1.full.pdf,
54,55,Low diversity and microdiversity of comammox bacteria in wastewater systems suggests wastewater-specific adaptation within the Ca. Nitrospira nitrosa cluster,https://www.biorxiv.org/content/10.1101/2022.06.11.495745v1,Studies have found Ca . Nitrospira nitrosa-like bacteria to be the principal or sole comammox bacter,"Irmarie Cotto, Katherine J. Vilardi, Linxuan Huo, Emily C. Fogarty, Wendell Khunjar, Christopher Wilson, Haydee De Clippeleir, Kevin Gilmore, Erika Bailey, Sebastian Lücker, Ameet J. Pinto",11,https://doi.org/10.1101/2022.06.11.495745 ,https://www.biorxiv.org/content/10.1101/2022.06.11.495745v1.full.pdf,
55,56,BigNeuron: A resource to benchmark and predict best-performing algorithms for automated reconstruction of neuronal morphology,https://www.biorxiv.org/content/10.1101/2022.05.10.491406v1,BigNeuron is an open community bench-testing platform combining the expertise of neuroscientists and,"Linus Manubens-Gil, Zhi Zhou, Hanbo Chen, Arvind Ramanathan, Xiaoxiao Liu, Yufeng Liu, Alessandro Bria, Todd Gillette, Zongcai Ruan, Jian Yang, Miroslav Radojevic, Ting Zhao, Li Cheng, Lei Qu, Siqi Liu, Kristofer E. Bouchard, Lin Gu, Weidong Cai, Shuiwang Ji, Badrinath Roysam, Ching-Wei Wang, Hongchuan Yu, Amos Sironi, Daniel Maxim Iascone, Jie Zhou, Erhan Bas, Eduardo Conde-Sousa, Paulo Aguiar, Xiang Li, Yujie Li, Sumit Nanda, Yuan Wang, Leila Muresan, Pascal Fua, Bing Ye, Hai-yan He, Jochen F. Staiger, Manuel Peter, Daniel N. Cox, Michel Simonneau, Marcel Oberlaender, Gregory Jefferis, Kei Ito, Paloma Gonzalez-Bellido, Jinhyun Kim, Edwin Rubel, Hollis T. Cline, Hongkui Zeng, Aljoscha Nern, Ann-Shyn Chiang, Jianhua Yao, Jane Roskams, Rick Livesey, Janine Stevens, Tianming Liu, Chinh Dang, Yike Guo, Ning Zhong, Georgia Tourassi, Sean Hill, Michael Hawrylycz, Christof Koch, Erik Meijering, Giorgio A. Ascoli, Hanchuan Peng",65,https://doi.org/10.1101/2022.05.10.491406 ,https://www.biorxiv.org/content/10.1101/2022.05.10.491406v1.full.pdf,
56,57,ExTrack characterizes transition kinetics and diffusion in noisy single-particle tracks,https://www.biorxiv.org/content/10.1101/2022.07.13.499913v1,Single-particle tracking microscopy is a powerful technique to investigate how proteins dynamically ,"Francois Simon, Jean-Yves Tinevez, Sven van Teeffelen",3,https://doi.org/10.1101/2022.07.13.499913 ,https://www.biorxiv.org/content/10.1101/2022.07.13.499913v1.full.pdf,
57,58,Functional coupling of the mesencephalic locomotor region and V2a reticulospinal neurons driving forward locomotion,https://www.biorxiv.org/content/10.1101/2022.04.01.486703v1,Locomotion in vertebrates relies on high brain centers converging onto the mesencephalic locomotor r,"Martin Carbo-Tano, Mathilde Lapoix, Xinyu Jia, François Auclair, Réjean Dubuc, Claire Wyart",6,https://doi.org/10.1101/2022.04.01.486703 ,https://www.biorxiv.org/content/10.1101/2022.04.01.486703v1.full.pdf,
58,59,Use of Fe3O4 nanoparticles in reactor co-digestion of residues from 1G2G ethanol biorefinery: microbiological routes and operational aspects,https://www.biorxiv.org/content/10.1101/2022.03.21.484299v1,The co-digestion of residues from the sugarcane industry has already proven to be a highly attractiv,"Maria Paula. C. Volpi, Gustavo Mockaitis, Guillaume Bruant, Julien Tremblay, Bruna S. Moraes",5,https://doi.org/10.1101/2022.03.21.484299 ,https://www.biorxiv.org/content/10.1101/2022.03.21.484299v1.full.pdf,
59,60,Low-efficiency conversion of proliferative glia into induced neurons by Ascl1 in the postnatal mouse cerebral cortex in vivo,https://www.biorxiv.org/content/10.1101/2022.04.13.488173v1,The proneural transcription factor Achaete-scute complex-like 1 (Ascl1) is a major regulator of neur,"Chiara Galante, Nicolás Marichal, Carol Schuurmans, Benedikt Berninger, Sophie Péron",5,https://doi.org/10.1101/2022.04.13.488173 ,https://www.biorxiv.org/content/10.1101/2022.04.13.488173v1.full.pdf,
60,61,Weaning age and its effect on the development of the swine gut microbiome and resistome,https://www.biorxiv.org/content/10.1101/2021.05.20.444551v2,Piglets are often weaned between 19 and 22 d of age in North America although in some swine operatio,"Devin B Holman, Katherine E. Gzyl, Kathy T. Mou, Heather K. Allen",4,https://doi.org/10.1101/2021.05.20.444551 ,https://www.biorxiv.org/content/10.1101/2021.05.20.444551v2.full.pdf,http://dx.doi.org/10.1128/mSystems.00682-21
61,62,scDeepHash: An automatic cell type annotation and cell retrieval method for large-scale scRNA-seq datasets using neural network-based hashing,https://www.biorxiv.org/content/10.1101/2021.11.08.467820v2,"Single-cell RNA-sequencing technologies measure transcriptomic expressions, which quantifies cell-to","Shihao Ma, Yanyi Zhang, Bohao Wang, Zian Hu, Jingwei Zhang, Bo Wang",6,https://doi.org/10.1101/2021.11.08.467820 ,https://www.biorxiv.org/content/10.1101/2021.11.08.467820v2.full.pdf,
62,63,Microbial community analysis of biofilters reveals a dominance of either comammox Nitrospira or archaea as ammonia oxidizers in freshwater aquaria,https://www.biorxiv.org/content/10.1101/2021.11.24.468873v1,Nitrification by aquarium biofilters transforms toxic ammonia waste (NH3/NH4+) to less toxic nitrate,"Michelle M. McKnight, Josh D. Neufeld",2,https://doi.org/10.1101/2021.11.24.468873 ,https://www.biorxiv.org/content/10.1101/2021.11.24.468873v1.full.pdf,
63,64,Impacts of dams on freshwater turtles: a global review to identify conservation solutions,https://www.biorxiv.org/content/10.1101/2021.10.21.465338v2,Background and Research Aims Dams impact freshwater ecosystems and biodiversity. Freshwater turtles ,"Andrea Bárcenas-García, Fernanda Michalski, William H. Morgan, Rebecca K. Smith, William J. Sutherland, James P. Gibbs, Darren Norris",7,https://doi.org/10.1101/2021.10.21.465338 ,https://www.biorxiv.org/content/10.1101/2021.10.21.465338v2.full.pdf,
64,65,Efficient Prediction of Microplastic Counts from Mass Measurements,https://www.biorxiv.org/content/10.1101/2021.01.04.425187v2,Microplastics must be characterized and quantified to assess their impact. Current quantification pr,"Shuyao Tan, Joshua Taylor, Elodie Passeport",3,https://doi.org/10.1101/2021.01.04.425187 ,https://www.biorxiv.org/content/10.1101/2021.01.04.425187v2.full.pdf,http://dx.doi.org/10.1021/acsestwater.1c00316
65,66,Base editing derived models of human WDR34 and WDR60 disease alleles replicate retrograde IFT and hedgehog signaling defects and suggest disturbed Golgi protein transport,https://www.biorxiv.org/content/10.1101/2022.03.14.483768v1,"Cytoplasmic Dynein-2 or IFT-dynein is the only known retrograde motor for intraflagellar transport, ","Dinu Antony, Elif Yýlmaz Güleç, Zeineb Bakey, Isabel Schüle, Gwang-Jin Kim, Ilona Skatulla, Han G. Brunner, Sebastian J. Arnold, Miriam Schmidts",9,https://doi.org/10.1101/2022.03.14.483768 ,https://www.biorxiv.org/content/10.1101/2022.03.14.483768v1.full.pdf,
66,67,When Vibrios Take Flight: A Meta-analysis of Pathogenic Vibrios Species in Wild and Domestic Birds,https://www.biorxiv.org/content/10.1101/2022.02.19.481111v1,"Of the over 100 species in the genus Vibrio , approximately twelve are associated with clinical dise","Andrea J. Ayala, C. Brandon Ogbunugafor",2,https://doi.org/10.1101/2022.02.19.481111 ,https://www.biorxiv.org/content/10.1101/2022.02.19.481111v1.full.pdf,
67,68,Wildlife in Cameroon harbor diverse coronaviruses including many isolates closely related to human coronavirus 229E,https://www.biorxiv.org/content/10.1101/2021.09.03.458874v1,Zoonotic spillover of animal viruses into human populations is a continuous and increasing public he,"Nkom F. Ntumvi, Valantine Ngum Ndze, Amethyst Gillis, Joseph Le Doux Diffo, Ubald Tamoufe, Jean-Michel Takuo, Moctar M. M. Mouiche, Julius Nwobegahay, Matthew LeBreton, Anne W. Rimoin, Bradley S. Schneider, Corina Monagin, David J. McIver, Sanjit Roy, James A. Ayukekbong, Karen Saylors, Damien O. Joly, Nathan D. Wolfe, Edward M. Rubin, Christian E. Lange",20,https://doi.org/10.1101/2021.09.03.458874 ,https://www.biorxiv.org/content/10.1101/2021.09.03.458874v1.full.pdf,http://dx.doi.org/10.1093/ve/veab110
68,69,Route of oxytetracycline administration differentially impacts the growth and gut microbiome of pigs co-infected with Bordetella bronchiseptica and Pasteurella multocida,https://www.biorxiv.org/content/10.1101/2022.04.18.488710v1,"Along with judicious antibiotic use, there is great interest in how the dose regimen of an antibioti","Kathy T. Mou, Julian Trachsel, Amali Stephens, Nicole Ricker, Susan L. Brockmeier, Heather K. Allen, Crystal L. Loving",7,https://doi.org/10.1101/2022.04.18.488710 ,https://www.biorxiv.org/content/10.1101/2022.04.18.488710v1.full.pdf,
69,70,Plant lipid metabolism in susceptible and tolerant soybean (Glycine max) cultivars in response to Phytophthora sojae colonization and infection,https://www.biorxiv.org/content/10.1101/2021.06.28.450227v1,Soybean is one of the most cultivated crops globally and a staple food for much of the worlds popul,"Oludoyin Adeseun Adigun, Thu Huong Pham, Dmitry Grapov, Muhammad Nadeem, Linda Elizabeth Jewell, Mumtaz Cheema, Lakshman Galagedara, Raymond Thomas",8,https://doi.org/10.1101/2021.06.28.450227 ,https://www.biorxiv.org/content/10.1101/2021.06.28.450227v1.full.pdf,
70,71,"TractoInferno: A large-scale, open-source, multi-site database for machine learning dMRI tractography",https://www.biorxiv.org/content/10.1101/2021.11.29.470422v1,"TractoInferno is the worlds largest open-source multi-site tractography database, including both re","Philippe Poulin, Guillaume Theaud, Francois Rheault, Etienne St-Onge, Arnaud Bore, Emmanuelle Renauld, Louis de Beaumont, Samuel Guay, Pierre-Marc Jodoin, Maxime Descoteaux",10,https://doi.org/10.1101/2021.11.29.470422 ,https://www.biorxiv.org/content/10.1101/2021.11.29.470422v1.full.pdf,
71,72,Predator-prey interactions in a warming world: the critical role of cold tolerance,https://www.biorxiv.org/content/10.1101/2022.01.17.476522v1,Thermal tolerance mismatch within predator-prey systems may have pro-found effects on species popula,"Xuezhen Ge, Cortland K. Griswold, Jonathan A. Newman",3,https://doi.org/10.1101/2022.01.17.476522 ,https://www.biorxiv.org/content/10.1101/2022.01.17.476522v1.full.pdf,
72,73,The first sheep graph-based pan-genome reveals the spectrum of structural variations and their effects on tail phenotypes,https://www.biorxiv.org/content/10.1101/2021.12.22.472709v2,"Structural variations (SVs) are a major contributor to genetic diversity and phenotypic variations, ","Ran Li, Mian Gong, Xinmiao Zhang, Fei Wang, Zhenyu Liu, Lei Zhang, Mengsi Xu, Yunfeng Zhang, Xuelei Dai, Zhuangbiao Zhang, Wenwen Fang, Yuta Yang, Huanhuan Zhang, Weiwei Fu, Chunna Cao, Peng Yang, Zeinab Amiri Ghanatsaman, Niloufar Jafarpour Negari, Hojjat Asadollahpour Nanaei, Xiangpeng Yue, Yuxuan Song, Xianyong Lan, Weidong Deng, Xihong Wang, Ruidong Xiang, Eveline M. Ibeagha-Awemu, Pat (J.S.) Heslop-Harrison, Johannes A. Lenstra, Shangquan Gan, Yu Jiang",30,https://doi.org/10.1101/2021.12.22.472709 ,https://www.biorxiv.org/content/10.1101/2021.12.22.472709v2.full.pdf,
73,74,Alterations of auditory sensory gating in mice with noise-induced tinnitus treated with nicotine and cannabis extract,https://www.biorxiv.org/content/10.1101/2022.06.18.496668v1,Aims/Hypothesis Tinnitus is a phantom sound perception affecting both auditory and limbic structures,"Barbara Ciralli, Thawann Malfatti, Thiago Z. Lima, Sérgio Ruschi B. Silva, Christopher R. Cederroth, Katarina E. Leao",6,https://doi.org/10.1101/2022.06.18.496668 ,https://www.biorxiv.org/content/10.1101/2022.06.18.496668v1.full.pdf,
74,75,A novel zebrafish model of SPEG-related centronuclear myopathy (CNM): characterization and comparison with other CNM model zebrafish,https://www.biorxiv.org/content/10.1101/2021.12.22.473918v1,Centronuclear myopathy (CNM) is a congenital neuromuscular disorder caused by pathogenic variation i,"Karla G. Espinosa, Salma Geissah, Linda Groom, Jonathan Volaptti, Ian C. Scott, Robert T. Dirksen, Mo Zhao, James J. Dowling",8,https://doi.org/10.1101/2021.12.22.473918 ,https://www.biorxiv.org/content/10.1101/2021.12.22.473918v1.full.pdf,
75,76,One engram two readouts: stimulus dynamics switch a learned behavior in Drosophila,https://www.biorxiv.org/content/10.1101/2022.05.24.492551v1,Memory guides the choices an animal makes across widely varying conditions in dynamic environments. ,"Mehrab N Modi, Adithya Rajagopalan, Hervé Rouault, Yoshinori Aso, Glenn C Turner",5,https://doi.org/10.1101/2022.05.24.492551 ,https://www.biorxiv.org/content/10.1101/2022.05.24.492551v1.full.pdf,
76,77,A reference map of the human protein interactome,https://www.biorxiv.org/content/10.1101/605451v2,Global insights into cellular organization and function require comprehensive understanding of inter,"Katja Luck, Dae-Kyum Kim, Luke Lambourne, Kerstin Spirohn, Bridget E. Begg, Wenting Bian, Ruth Brignall, Tiziana Cafarelli, Francisco J. Campos-Laborie, Benoit Charloteaux, Dongsic Choi, Atina G. Cote, Meaghan Daley, Steven Deimling, Alice Desbuleux, Amélie Dricot, Marinella Gebbia, Madeleine F. Hardy, Nishka Kishore, Jennifer J. Knapp, István A. Kovács, Irma Lemmens, Miles W. Mee, Joseph C. Mellor, Carl Pollis, Carles Pons, Aaron D. Richardson, Sadie Schlabach, Bridget Teeking, Anupama Yadav, Mariana Babor, Dawit Balcha, Omer Basha, Christian Bowman-Colin, Suet-Feung Chin, Soon Gang Choi, Claudia Colabella, Georges Coppin, Cassandra DAmata, David De Ridder, Steffi De Rouck, Miquel Duran-Frigola, Hanane Ennajdaoui, Florian Goebels, Liana Goehring, Anjali Gopal, Ghazal Haddad, Elodie Hatchi, Mohamed Helmy, Yves Jacob, Yoseph Kassa, Serena Landini, Roujia Li, Natascha van Lieshout, Andrew MacWilliams, Dylan Markey, Joseph N. Paulson, Sudharshan Rangarajan, John Rasla, Ashyad Rayhan, Thomas Rolland, Adriana San-Miguel, Yun Shen, Dayag Sheykhkarimli, Gloria M. Sheynkman, Eyal Simonovsky, Murat Tasan, Alexander Tejeda, Jean-Claude Twizere, Yang Wang, Robert J. Weatheritt, Jochen Weile, Yu Xia, Xinping Yang, Esti Yeger-Lotem, Quan Zhong, Patrick Aloy, Gary D. Bader, Javier De Las Rivas, Suzanne Gaudet, Tong Hao, Janusz Rak, Jan Tavernier, Vincent Tropepe, David E. Hill, Marc Vidal, Frederick P. Roth, Michael A. Calderwood",88,https://doi.org/10.1101/605451 ,https://www.biorxiv.org/content/10.1101/605451v2.full.pdf,
77,78,Cueing motor memory reactivation during NREM sleep engenders learning-related changes in precuneus and sensorimotor structures,https://www.biorxiv.org/content/10.1101/2022.01.27.477838v1,Memory reactivation during Non-Rapid Eye Movement (NREM) sleep is important for memory consolidation,"Martyna Rakowska, Paulina Bagrowska, Alberto Lazari, Miguel Navarrete, Mahmoud E. A. Abdellahi, Heidi Johansen-Berg, Penelope A. Lewis",7,https://doi.org/10.1101/2022.01.27.477838 ,https://www.biorxiv.org/content/10.1101/2022.01.27.477838v1.full.pdf,
78,79,SPACA6 structure reveals a conserved superfamily of gamete fusion-associated proteins,https://www.biorxiv.org/content/10.1101/2022.03.23.484325v1,SPACA6 is a sperm-expressed surface protein that is critical for gamete fusion during mammalian sexu,"Tyler D.R. Vance, Patrick Yip, Elisabet Jiménez, Sheng Li, Diana Gawol, James Byrnes, Isabel Usón, Ahmed Ziyyat, Jeffrey E. Lee",9,https://doi.org/10.1101/2022.03.23.484325 ,https://www.biorxiv.org/content/10.1101/2022.03.23.484325v1.full.pdf,
79,80,Temporal cell fate determination in the spinal cord is mediated by the duration of Notch signalling,https://www.biorxiv.org/content/10.1101/2021.10.25.465818v1,"During neural development, progenitor cells generate different types of neurons in specific time win","Craig T. Jacobs, Aarti Kejriwal, Katrinka M. Kocha, Kevin Y. Jin, Peng Huang",5,https://doi.org/10.1101/2021.10.25.465818 ,https://www.biorxiv.org/content/10.1101/2021.10.25.465818v1.full.pdf,http://dx.doi.org/10.1016/j.ydbio.2022.05.010
80,81,Assessing in vivo mutation frequencies and creating a high-resolution genome-wide map of fitness costs of Hepatitis C virus,https://www.biorxiv.org/content/10.1101/2020.10.01.323253v2,"Like many viruses, Hepatitis C Virus (HCV) has a high nutation rate, which helps the virus adapt qui","Kaho H. Tisthammer, Caroline Solis, Faye Oracles, Madu Nzerem, Ryan Winstead, Weiyan Dong, Jeffrey B. Joy, Pleuni S. Pennings",8,https://doi.org/10.1101/2020.10.01.323253 ,https://www.biorxiv.org/content/10.1101/2020.10.01.323253v2.full.pdf,http://dx.doi.org/10.1371/journal.pgen.1010179
81,82,High frequency spike inference with particle Gibbs sampling,https://www.biorxiv.org/content/10.1101/2022.04.05.487201v1,Fluorescent calcium indicators are an indispensable tools for monitoring the spiking activity of lar,"Giovanni Diana, B. Semihcan Sermet, David A. DiGregorio",3,https://doi.org/10.1101/2022.04.05.487201 ,https://www.biorxiv.org/content/10.1101/2022.04.05.487201v1.full.pdf,
82,83,Phagosome resolution regenerates lysosomes and maintains the degradative capacity in phagocytes,https://www.biorxiv.org/content/10.1101/2020.05.14.094722v2,Phagocytes engulf unwanted particles into phagosomes that then fuse with lysosomes to degrade the en,"Charlene Lancaster, Aaron Fountain, Roaya M. Dayam, Elliott Somerville, Javal Sheth, Vanessa Jacobelli, Alex Somerville, Mauricio Terebiznik, Roberto J. Botelho",9,https://doi.org/10.1101/2020.05.14.094722 ,https://www.biorxiv.org/content/10.1101/2020.05.14.094722v2.full.pdf,http://dx.doi.org/10.1083/jcb.202005072
83,84,Entrainment to sleep spindles reflects dissociable patterns of connectivity between cortex and basal ganglia,https://www.biorxiv.org/content/10.1101/2022.02.06.479277v1,Communication between the basal ganglia (BG) and cortex is crucial for behavior as it allows learnin,"Aviv D. Mizrahi-Kliger, Alexander Kaplan, Zvi Israel, Hagai Bergman",4,https://doi.org/10.1101/2022.02.06.479277 ,https://www.biorxiv.org/content/10.1101/2022.02.06.479277v1.full.pdf,
84,85,Composition and functionality of bacterioplankton communities in marine coastal zones adjacent to finfish aquaculture,https://www.biorxiv.org/content/10.1101/2022.03.07.483349v2,Finfish aquaculture is one of the fastest-growing primary industries globally and is increasingly co,"R.R.P. Da Silva, C.A. White, J.P. Bowman, D.J. Ross",4,https://doi.org/10.1101/2022.03.07.483349 ,https://www.biorxiv.org/content/10.1101/2022.03.07.483349v2.full.pdf,
85,86,Ploidetect enables pan-cancer analysis of the causes and impacts of chromosomal instability,https://www.biorxiv.org/content/10.1101/2021.08.06.455329v1,"Cancers routinely exhibit chromosomal instability, resulting in the accumulation of changes in the a","Luka Culibrk, Jasleen K. Grewal, Erin D. Pleasance, Laura Williamson, Karen Mungall, Janessa Laskin, Marco A. Marra, Steven J.M. Jones",8,https://doi.org/10.1101/2021.08.06.455329 ,https://www.biorxiv.org/content/10.1101/2021.08.06.455329v1.full.pdf,
86,87,Brain stimulation competes with ongoing oscillations for control of spike timing in the primate brain,https://www.biorxiv.org/content/10.1101/2021.10.01.462622v2,"Transcranial alternating current stimulation (tACS) is commonly used to enhance brain rhythms, in th","Matthew R. Krause, Pedro G. Vieira, Jean-Philippe Thivierge, Christopher C. Pack",4,https://doi.org/10.1101/2021.10.01.462622 ,https://www.biorxiv.org/content/10.1101/2021.10.01.462622v2.full.pdf,
87,88,A generalisable approach to drug susceptibility prediction for M. tuberculosis using machine learning and whole-genome sequencing,https://www.biorxiv.org/content/10.1101/2021.09.14.458035v2,Rapid and up-to-date drug susceptibility testing is urgently needed to address the threat of multidr,Alexander S Lachapelle,1,https://doi.org/10.1101/2021.09.14.458035 ,https://www.biorxiv.org/content/10.1101/2021.09.14.458035v2.full.pdf,
88,89,A recombinant protein containing influenza viral conserved epitopes and superantigen induces broad-spectrum protection,https://www.biorxiv.org/content/10.1101/2021.07.08.451596v1,Influenza pandemic poses public health threats annually for lacking vaccine which provides cross-pro,"Yansheng Li, Mingkai Xu, Yongqiang Li, Wu Gu, Gulinare Halimu, Yuqi Li, Zhichun Zhang, Libao Zhou, Hui Liao, Songyuan Yao, Huiwen Zhang, Chenggang Zhang",12,https://doi.org/10.1101/2021.07.08.451596 ,https://www.biorxiv.org/content/10.1101/2021.07.08.451596v1.full.pdf,http://dx.doi.org/10.7554/eLife.71725
89,90,Variation in predicted COVID-19 risk among lemurs and lorises,https://www.biorxiv.org/content/10.1101/2021.02.03.429540v1,"The novel coronavirus SARS-CoV-2, which in humans leads to the disease COVID-19, has caused global d","Amanda D. Melin, Joseph D. Orkin, Mareike C. Janiak, Alejandro Valenzuela, Lukas Kuderna, Frank Marrone, Hasinala Ramangason, Julie E. Horvath, Christian Roos, Andrew C. Kitchener, Chiea Chuen Khor, Weng Khong Lim, Jessica G. H. Lee, Patrick Tan, Govindhaswamy Umapathy, Muthuswamy Raveendran, R. Alan Harris, Ivo Gut, Marta Gut, Esther Lizano, Tilo Nadler, Dietmar Zinner, Steig E. Johnson, Erich D. Jarvis, Olivier Fedrigo, Dongdong Wu, Guojie Zhang, Kyle Kai-How Farh, Jeffrey Rogers, Tomas Marques-Bonet, Arcadi Navarro, David Juan, Paramjit S. Arora, James P. Higham",34,https://doi.org/10.1101/2021.02.03.429540 ,https://www.biorxiv.org/content/10.1101/2021.02.03.429540v1.full.pdf,
90,91,Phenology and Robustness in plant-pollinator networks,https://www.biorxiv.org/content/10.1101/2020.10.30.362616v1,Many metrics that describe the structure of mutualistic plant-pollinator networks have been found to,"Laura Melissa Guzman, Scott A. Chamberlain, Elizabeth Elle",3,https://doi.org/10.1101/2020.10.30.362616 ,https://www.biorxiv.org/content/10.1101/2020.10.30.362616v1.full.pdf,
91,92,"Highly Parallelized, Multicolor Optogenetic Recordings of Cellular Activity for Therapeutic Discovery Applications in Ion Channels and Disease-associated Excitable Cells",https://www.biorxiv.org/content/10.1101/2022.04.11.487888v1,"Optogenetic assays provide a flexible, scalable and information rich approach to probe compound effe","Gabriel B Borja, Hongkang Zhang, Benjamin N Harwood, Jane Jacques, Jennifer Grooms, Romina Chantre, Dawei Zhang, Adam Barnett, Christopher A Werley, Yang Lu, Steven Nagle, Owen B McManus, Graham T Dempsey",13,https://doi.org/10.1101/2022.04.11.487888 ,https://www.biorxiv.org/content/10.1101/2022.04.11.487888v1.full.pdf,
92,93,Sleeping at the Switch,https://www.biorxiv.org/content/10.1101/2021.02.02.429396v1,"Sleep slow waves are studied for their role in brain plasticity, homeostatic regulation and their ch","Maude Bouchard, Jean-Marc Lina, Pierre-Olivier Gaudreault, Alexandre Lafrenière, Jonathan Dubé, Nadia Gosselin, Julie Carrier",7,https://doi.org/10.1101/2021.02.02.429396 ,https://www.biorxiv.org/content/10.1101/2021.02.02.429396v1.full.pdf,http://dx.doi.org/10.7554/eLife.64337
93,94,Death-associated protein kinase 3 (DAPK3) contributes to intestinal epithelial wound healing and the resolution of experimental colitis in mice,https://www.biorxiv.org/content/10.1101/2021.12.03.471118v1,Various signaling molecules affecting epithelial restitution and wound healing are dysregulated in u,"Huey-Miin Chen, David A. Carlson, Timothy A.J. Haystead, Justin A. MacDonald",4,https://doi.org/10.1101/2021.12.03.471118 ,https://www.biorxiv.org/content/10.1101/2021.12.03.471118v1.full.pdf,
94,95,Mesoscopic cortical network reorganization during recovery of partial optic nerve injury in GCaMP6s mice,https://www.biorxiv.org/content/10.1101/2020.06.28.173799v1,"As the residual vision following a traumatic optic nerve injury can spontaneously recover over time,","Marianne Groleau, Mojtaba Nazari-Ahangarkolaee, Matthieu P. Vanni, Jacqueline L. Higgins, Anne-Sophie Vézina Bédard, Bernhard A. Sabel, Majid H. Mohajerani, Elvire Vaucher",8,https://doi.org/10.1101/2020.06.28.173799 ,https://www.biorxiv.org/content/10.1101/2020.06.28.173799v1.full.pdf,http://dx.doi.org/10.1038/s41598-020-78491-z
95,96,Global phylogeography and ancient evolution of the widespread human gut virus crAssphage,https://www.biorxiv.org/content/10.1101/527796v1,Microbiomes are vast communities of microbes and viruses that populate all natural ecosystems. Virus,"Robert A. Edwards, Alejandro A. Vega, Holly M. Norman, Maria Ohaeri, Kyle Levi, Elizabeth A. Dinsdale, Ondrej Cinek, Ramy K. Aziz, Katelyn McNair, Jeremy J. Barr, Kyle Bibby, Stan JJ. Brouns, Adrian Cazares, Patrick A. de Jonge, Christelle Desnues, Samuel L. Díaz Muñoz, Peter C. Fineran, Alexander Kurilshikov, Rob Lavigne, Karla Mazankova, David T. McCarthy, Franklin L. Nobrega, Alejandro Reyes Muñoz, German Tapia, Nicole Trefault, Alexander V. Tyakht, Pablo Vinuesa, Jeroen Wagemans, Alexandra Zhernakova, Frank M. Aarestrup, Gunduz Ahmadov, Abeer Alassaf, Josefa Anton, Abigail Asangba, Emma Billings, Vito Adrian Cantu, Jane M. Carlton, Daniel Cazares, Gyu-Sung Cho, Tess Condeff, Pilar Cortés, Mike Cranfield, Daniel A. Cuevas, Rodrigo De la Iglesia, Przemyslaw Decewicz, Michael P. Doane, Nathaniel J. Dominy, Lukasz Dziewit, Bashir Mukhtar Elwasila, A. Murat Eren, Charles Franz, Jingyuan Fu, Cristina Garcia-Aljaro, Elodie Ghedin, Kristen M. Gulino, John M. Haggerty, Steven R. Head, Rene S. Hendriksen, Colin Hill, Heikki Hyöty, Elena N. Ilina, Mitchell T. Irwin, Thomas Jeffries, Juan Jofre Torroella, Randall E. Junge, Scott T. Kelley, Martin Kowalewski, Deepak Kumaresan, Steven Leigh, Eugenia S. Lisitsyna, Montserrat Llagostera, Julia M. Maritz, Linsey C. Marr, Angela McCann, Mohammadali Khan Mirzaei, Shahar Molshanski-Mor, Silvia Monteiro, Ben Moreira-Grez, Megan Morris, Lawrence Mugisha, Maite Muniesa, Horst Neve, Nam-phuong Nguyen, Olivia D. Nigro, Anders S. Nilsson, Taylor OConnell, Rasha Odeh, Andrew Oliver, Mariana Piuri, Aaron J. Prussin, Udi Qimron, Zhe-Xue Quan, Petra Rainetova, Adán Andrés Ramírez Rojas, Raul Raya, Gillian A.O. Rice, Alessandro Rossi, Ricardo Santos, John Shimashita, Elyse N. Stachler, Lars C. Stene, Ronan Strain, Rebecca Stumpf, Pedro J. Torres, Alan Twaddle, MaryAnn Ugochi Ibekwe, Nicolás Villagra, Stephen Wandro, Bryan White, Andy Whitely, Katrine L. Whiteson, Cisca Wijmenga, Maria M. Zambrano, Henrike Zschach, Bas E. Dutilh",115,https://doi.org/10.1101/527796 ,https://www.biorxiv.org/content/10.1101/527796v1.full.pdf,http://dx.doi.org/10.1038/s41564-019-0494-6
96,97,"Temporal single cell atlas of non-neuronal retinal cells reveals dynamic, coordinated multicellular responses to central nervous system injury",https://www.biorxiv.org/content/10.1101/2022.07.10.499469v1,Non-neuronal cells play key roles in the complex cellular interplay that follows central nervous sys,"Inbal Benhar, Jiarui Ding, Wenjun Yan, Irene E. Whitney, Anne Jacobi, Malika Sud, Grace Burgin, Karthik Shekhar, Nicholas M. Tran, Chen Wang, Zhigang He, Joshua R. Sanes, Aviv Regev",13,https://doi.org/10.1101/2022.07.10.499469 ,https://www.biorxiv.org/content/10.1101/2022.07.10.499469v1.full.pdf,
97,98,Unexpected growth of a classic yeast auxotroph,https://www.biorxiv.org/content/10.1101/2022.01.19.476918v2,"In budding yeast, the Met15 enzyme has long been assumed to be the sole homocysteine synthase facili","S. Branden Van Oss, Saurin Bipin Parikh, Nelson Castilho Coelho, Aaron Wacholder, Ivan Belashov, Manuel Michaca, Jiazhen Xu, Yun Pyo Kang, Katherine M. McCourt, Jake McKee, Trey Ideker, Andrew P. VanDemark, Gina M. DeNicola, Anne-Ruxandra Carvunis",14,https://doi.org/10.1101/2022.01.19.476918 ,https://www.biorxiv.org/content/10.1101/2022.01.19.476918v2.full.pdf,
98,99,Coronavirus surveillance of wildlife in the Lao Peoples Democratic Republic detects viral RNA in rodents,https://www.biorxiv.org/content/10.1101/2020.04.22.056218v1,"Coronaviruses can become zoonotic as in the case of COVID-19, and hunting, sale, and consumption of ","David J. McIver, Soubanh Silithammavong, Watthana Theppangna, Amethyst Gillis, Bounlom Douangngeun, Kongsy Khammavong, Sinpakone Singhalath, Veasna Duong, Philippe Buchy, Sarah H. Olson, Lucy Keatts, Amanda E. Fine, Zoe Greatorex, Martin Gilbert, Matthew LeBreton, Karen Saylors, Damien O. Joly, Edward M. Rubin, Christian E. Lange",19,https://doi.org/10.1101/2020.04.22.056218 ,https://www.biorxiv.org/content/10.1101/2020.04.22.056218v1.full.pdf,http://dx.doi.org/10.1007/s00705-020-04683-7
99,100,Adaptation to a changing environment: what me Normal?,https://www.biorxiv.org/content/10.1101/2022.06.22.497192v1,Predicting the adaptation of populations to a changing environment is crucial to assess the impact o,"J. Garnier, O. Cotto, T. Bourgeron, E. Bouin, T. Lepoutre, O. Ronce, V. Calvez",7,https://doi.org/10.1101/2022.06.22.497192 ,https://www.biorxiv.org/content/10.1101/2022.06.22.497192v1.full.pdf,
